<?xml version="1.0" encoding="UTF-8"?>
<project-private xmlns="http://www.netbeans.org/ns/project-private/1">
    <editor-bookmarks xmlns="http://www.netbeans.org/ns/editor-bookmarks/1"/>
    <editor-bookmarks xmlns="http://www.netbeans.org/ns/editor-bookmarks/2" lastBookmarkId="0"/>
    <open-files xmlns="http://www.netbeans.org/ns/projectui-open-files/1">
        <file>file:/R:/Com289/ex_starts/ch14sqlGateway/web/META-INF/context.xml</file>
        <file>file:/R:/Com289/ex_starts/ch14sqlGateway/src/java/sql/SqlGatewayServlet.java</file>
    </open-files>
</project-private>
